{
    "variants": {
    "facing=east,part=bottom":  { "model": "mcwroofs:block/empty", "y":270 },
    "facing=west,part=bottom":  { "model": "mcwroofs:block/empty", "y":90 },
    "facing=north,part=bottom": { "model": "mcwroofs:block/empty", "y":180},
    "facing=south,part=bottom": { "model": "mcwroofs:block/empty", "y":0 },

    "facing=east,part=bottom_right":  { "model": "macawsroofsbop:block/lower/mahogany_planks_lower_roof", "y":270 },
    "facing=west,part=bottom_right":  { "model": "macawsroofsbop:block/lower/mahogany_planks_lower_roof", "y":90 },
    "facing=north,part=bottom_right": { "model": "macawsroofsbop:block/lower/mahogany_planks_lower_roof", "y":180},
    "facing=south,part=bottom_right": { "model": "macawsroofsbop:block/lower/mahogany_planks_lower_roof", "y":0 },

	"facing=east,part=top":  { "model": "mcwroofs:block/empty", "y":270 },
    "facing=west,part=top":  { "model": "mcwroofs:block/empty", "y":90 },
    "facing=north,part=top": { "model": "mcwroofs:block/empty", "y":180},
    "facing=south,part=top": { "model": "mcwroofs:block/empty", "y":0 }
		
    }
}