{
    "variants": {
        "facing=east,shape=straight,part=bottom":  { "model": "macawsroofsbop:block/steep/mahogany_planks_steep_roof" },
        "facing=west,shape=straight,part=bottom":  { "model": "macawsroofsbop:block/steep/mahogany_planks_steep_roof", "y": 180, "uvlock": true },
        "facing=south,shape=straight,part=bottom": { "model": "macawsroofsbop:block/steep/mahogany_planks_steep_roof", "y": 90, "uvlock": false },
        "facing=north,shape=straight,part=bottom": { "model": "macawsroofsbop:block/steep/mahogany_planks_steep_roof", "y": 270, "uvlock": false },
        
        "facing=east,shape=outer_right,part=bottom":  { "model": "macawsroofsbop:block/steep/mahogany_planks_steep_roof_outer" },
        "facing=west,shape=outer_right,part=bottom":  { "model": "macawsroofsbop:block/steep/mahogany_planks_steep_roof_outer", "y": 180, "uvlock": true },
        "facing=south,shape=outer_right,part=bottom": { "model": "macawsroofsbop:block/steep/mahogany_planks_steep_roof_outer", "y": 90, "uvlock": true },
        "facing=north,shape=outer_right,part=bottom": { "model": "macawsroofsbop:block/steep/mahogany_planks_steep_roof_outer", "y": 270, "uvlock": true },
        
        "facing=east,shape=outer_left,part=bottom":  { "model": "macawsroofsbop:block/steep/mahogany_planks_steep_roof_outer", "y": 270, "uvlock": true },
        "facing=west,shape=outer_left,part=bottom":  { "model": "macawsroofsbop:block/steep/mahogany_planks_steep_roof_outer", "y": 90, "uvlock": true },
        "facing=south,shape=outer_left,part=bottom": { "model": "macawsroofsbop:block/steep/mahogany_planks_steep_roof_outer" },
        "facing=north,shape=outer_left,part=bottom": { "model": "macawsroofsbop:block/steep/mahogany_planks_steep_roof_outer", "y": 180, "uvlock": true },
        
        "facing=east,shape=inner_right,part=bottom":  { "model": "macawsroofsbop:block/steep/mahogany_planks_steep_roof_inner", "uvlock": false },
        "facing=west,shape=inner_right,part=bottom":  { "model": "macawsroofsbop:block/steep/mahogany_planks_steep_roof_inner", "y": 180, "uvlock": false },
        "facing=south,shape=inner_right,part=bottom": { "model": "macawsroofsbop:block/steep/mahogany_planks_steep_roof_inner", "y": 90, "uvlock": true },
        "facing=north,shape=inner_right,part=bottom": { "model": "macawsroofsbop:block/steep/mahogany_planks_steep_roof_inner", "y": 270, "uvlock": false },
        
        "facing=east,shape=inner_left,part=bottom":  { "model": "macawsroofsbop:block/steep/mahogany_planks_steep_roof_inner", "y": 270, "uvlock": false },
        "facing=west,shape=inner_left,part=bottom":  { "model": "macawsroofsbop:block/steep/mahogany_planks_steep_roof_inner", "y": 90, "uvlock": false },
        "facing=south,shape=inner_left,part=bottom": { "model": "macawsroofsbop:block/steep/mahogany_planks_steep_roof_inner" },
        "facing=north,shape=inner_left,part=bottom": { "model": "macawsroofsbop:block/steep/mahogany_planks_steep_roof_inner", "y": 180, "uvlock": false },
        
        "facing=east,shape=straight,part=top":  { "model": "mcwroofs:block/empty" },
        "facing=west,shape=straight,part=top":  { "model": "mcwroofs:block/empty" },
        "facing=south,shape=straight,part=top": { "model": "mcwroofs:block/empty" },
        "facing=north,shape=straight,part=top": { "model": "mcwroofs:block/empty" },
        
        "facing=east,shape=outer_right,part=top":  { "model": "mcwroofs:block/empty" },
        "facing=west,shape=outer_right,part=top":  { "model": "mcwroofs:block/empty" },
        "facing=south,shape=outer_right,part=top": { "model": "mcwroofs:block/empty" },
        "facing=north,shape=outer_right,part=top": { "model": "mcwroofs:block/empty" },
        
        "facing=east,shape=outer_left,part=top":  { "model": "mcwroofs:block/empty" },
        "facing=west,shape=outer_left,part=top":  { "model": "mcwroofs:block/empty" },
        "facing=south,shape=outer_left,part=top": { "model": "mcwroofs:block/empty" },
        "facing=north,shape=outer_left,part=top": { "model": "mcwroofs:block/empty" },
        
        "facing=east,shape=inner_right,part=top":  { "model": "mcwroofs:block/empty" },
        "facing=west,shape=inner_right,part=top":  { "model": "mcwroofs:block/empty" },
        "facing=south,shape=inner_right,part=top": { "model": "mcwroofs:block/empty" },
        "facing=north,shape=inner_right,part=top": { "model": "mcwroofs:block/empty" },
        
        "facing=east,shape=inner_left,part=top":  { "model": "mcwroofs:block/empty" },
        "facing=west,shape=inner_left,part=top":  { "model": "mcwroofs:block/empty" },
        "facing=south,shape=inner_left,part=top": { "model": "mcwroofs:block/empty" },
        "facing=north,shape=inner_left,part=top": { "model": "mcwroofs:block/empty" },
		
				
		"facing=east,shape=straight,part=bottom_right":  { "model": "mcwroofs:block/empty" },
        "facing=west,shape=straight,part=bottom_right":  { "model": "mcwroofs:block/empty" },
        "facing=south,shape=straight,part=bottom_right": { "model": "mcwroofs:block/empty" },
        "facing=north,shape=straight,part=bottom_right": { "model": "mcwroofs:block/empty" },

        "facing=east,shape=outer_right,part=bottom_right":  { "model": "mcwroofs:block/empty" },
        "facing=west,shape=outer_right,part=bottom_right":  { "model": "mcwroofs:block/empty" },
        "facing=south,shape=outer_right,part=bottom_right": { "model": "mcwroofs:block/empty" },
        "facing=north,shape=outer_right,part=bottom_right": { "model": "mcwroofs:block/empty" },
        
        "facing=east,shape=outer_left,part=bottom_right":  { "model": "mcwroofs:block/empty" },
        "facing=west,shape=outer_left,part=bottom_right":  { "model": "mcwroofs:block/empty" },
        "facing=south,shape=outer_left,part=bottom_right": { "model": "mcwroofs:block/empty" },
        "facing=north,shape=outer_left,part=bottom_right": { "model": "mcwroofs:block/empty" },
        
        "facing=east,shape=inner_right,part=bottom_right":  { "model": "mcwroofs:block/empty" },
        "facing=west,shape=inner_right,part=bottom_right":  { "model": "mcwroofs:block/empty" },
        "facing=south,shape=inner_right,part=bottom_right": { "model": "mcwroofs:block/empty" },
        "facing=north,shape=inner_right,part=bottom_right": { "model": "mcwroofs:block/empty" },
        
        "facing=east,shape=inner_left,part=bottom_right":  { "model": "mcwroofs:block/empty" },
        "facing=west,shape=inner_left,part=bottom_right":  { "model": "mcwroofs:block/empty" },
        "facing=south,shape=inner_left,part=bottom_right": { "model": "mcwroofs:block/empty" },
        "facing=north,shape=inner_left,part=bottom_right": { "model": "mcwroofs:block/empty" }
        
        
        
        
    }
}